{
  "project_info": {
    "project_number": "93963655262",
    "project_id": "wikigifty",
    "storage_bucket": "wikigifty.firebasestorage.app"
  },
  "client": [
    {
      "client_info": {
        "mobilesdk_app_id": "1:93963655262:android:b86b1e4023f1e38f69bccf",
        "android_client_info": {
          "package_name": "com.example.wikigifty"
        }
      },
      "oauth_client": [],
      "api_key": [
        {
          "current_key": "AIzaSyApN78A-Kmt-WMWGeurz5S0YavIaDteKhY"
        }
      ],
      "services": {
        "appinvite_service": {
          "other_platform_oauth_client": []
        }
      }
    }
  ],
  "configuration_version": "1"
}